

INSERT INTO TypeTags (Type, Tag)
VALUES
        ('UNIT_ANIMAL_NILE_CROCODILE', 'CLASS_NO_COAST_ENTRY'),
        ('UNIT_ANIMAL_NILE_CROCODILE', 'CLASS_NO_COAST_ENTRY'),
        ('UNIT_ANIMAL_NILE_CROCODILE', 'CLASS_NO_COAST_ENTRY'),
        ('UNIT_ANIMAL_NILE_CROCODILE', 'CLASS_NO_COAST_ENTRY'),
        ('UNIT_ANIMAL_NILE_CROCODILE', 'CLASS_NO_COAST_ENTRY'),
        ('UNIT_ANIMAL_NILE_CROCODILE', 'CLASS_NO_COAST_ENTRY'),
        ('UNIT_ANIMAL_NILE_CROCODILE', 'CLASS_NO_COAST_ENTRY'),
        ('UNIT_ANIMAL_NILE_CROCODILE', 'CLASS_NO_COAST_ENTRY'),
        ('UNIT_ANIMAL_NILE_CROCODILE', 'CLASS_NO_COAST_ENTRY'),
        ('UNIT_ANIMAL_NILE_CROCODILE', 'CLASS_NO_COAST_ENTRY'),
        ('UNIT_ANIMAL_NILE_CROCODILE', 'CLASS_NO_COAST_ENTRY')
;

INSERT INTO UnitSpawnContinents VALUES ('UNIT_DINO_ANKYLOSAURUS','CONTINENT_AFRICA',33);
INSERT INTO UnitSpawnContinents VALUES ('UNIT_DINO_BASILOSAURUS','CONTINENT_AFRICA',33);
INSERT INTO UnitSpawnContinents VALUES ('UNIT_DINO_PROTOCERATOPS','CONTINENT_AFRICA',33);
INSERT INTO UnitSpawnContinents VALUES ('UNIT_DINO_STEGOSAURUS','CONTINENT_AFRICA',33);
INSERT INTO UnitSpawnContinents VALUES ('UNIT_DINO_STYRACOSAURUS','CONTINENT_AFRICA',33);
INSERT INTO UnitSpawnContinents VALUES ('UNIT_DINO_TREX','CONTINENT_AFRICA',33);
INSERT INTO UnitSpawnContinents VALUES ('UNIT_DINO_TRICERATOPS','CONTINENT_AFRICA',33);
INSERT INTO UnitSpawnContinents VALUES ('UNIT_DINO_UTAHRAPTOR','CONTINENT_AFRICA',33);
INSERT INTO UnitSpawnContinents VALUES ('UNIT_DINO_VELOCIRAPTOR','CONTINENT_AFRICA',33);
INSERT INTO UnitSpawnContinents VALUES ('UNIT_DINO_SMILODON','CONTINENT_AFRICA',33);
INSERT INTO UnitSpawnContinents VALUES ('UNIT_DINO_MAMMOTH','CONTINENT_AFRICA',33);
INSERT INTO UnitSpawnContinents VALUES ('UNIT_DINO_ANKYLOSAURUS','CONTINENT_EUROPE',33);
INSERT INTO UnitSpawnContinents VALUES ('UNIT_DINO_BASILOSAURUS','CONTINENT_EUROPE',33);
INSERT INTO UnitSpawnContinents VALUES ('UNIT_DINO_PROTOCERATOPS','CONTINENT_EUROPE',33);
INSERT INTO UnitSpawnContinents VALUES ('UNIT_DINO_STEGOSAURUS','CONTINENT_EUROPE',33);
INSERT INTO UnitSpawnContinents VALUES ('UNIT_DINO_STYRACOSAURUS','CONTINENT_EUROPE',33);
INSERT INTO UnitSpawnContinents VALUES ('UNIT_DINO_TREX','CONTINENT_EUROPE',33);
INSERT INTO UnitSpawnContinents VALUES ('UNIT_DINO_TRICERATOPS','CONTINENT_EUROPE',33);
INSERT INTO UnitSpawnContinents VALUES ('UNIT_DINO_UTAHRAPTOR','CONTINENT_EUROPE',33);
INSERT INTO UnitSpawnContinents VALUES ('UNIT_DINO_VELOCIRAPTOR','CONTINENT_EUROPE',33);
INSERT INTO UnitSpawnContinents VALUES ('UNIT_DINO_SMILODON','CONTINENT_EUROPE',33);
INSERT INTO UnitSpawnContinents VALUES ('UNIT_DINO_MAMMOTH','CONTINENT_EUROPE',33);
INSERT INTO UnitSpawnContinents VALUES ('UNIT_DINO_ANKYLOSAURUS','CONTINENT_ASIA',33);
INSERT INTO UnitSpawnContinents VALUES ('UNIT_DINO_BASILOSAURUS','CONTINENT_ASIA',33);
INSERT INTO UnitSpawnContinents VALUES ('UNIT_DINO_PROTOCERATOPS','CONTINENT_ASIA',33);
INSERT INTO UnitSpawnContinents VALUES ('UNIT_DINO_STEGOSAURUS','CONTINENT_ASIA',33);
INSERT INTO UnitSpawnContinents VALUES ('UNIT_DINO_STYRACOSAURUS','CONTINENT_ASIA',33);
INSERT INTO UnitSpawnContinents VALUES ('UNIT_DINO_TREX','CONTINENT_ASIA',33);
INSERT INTO UnitSpawnContinents VALUES ('UNIT_DINO_TRICERATOPS','CONTINENT_ASIA',33);
INSERT INTO UnitSpawnContinents VALUES ('UNIT_DINO_UTAHRAPTOR','CONTINENT_ASIA',33);
INSERT INTO UnitSpawnContinents VALUES ('UNIT_DINO_VELOCIRAPTOR','CONTINENT_ASIA',33);
INSERT INTO UnitSpawnContinents VALUES ('UNIT_DINO_SMILODON','CONTINENT_ASIA',33);
INSERT INTO UnitSpawnContinents VALUES ('UNIT_DINO_MAMMOTH','CONTINENT_ASIA',33);
INSERT INTO UnitSpawnContinents VALUES ('UNIT_DINO_ANKYLOSAURUS','CONTINENT_NORTH_AMERICA',33);
INSERT INTO UnitSpawnContinents VALUES ('UNIT_DINO_BASILOSAURUS','CONTINENT_NORTH_AMERICA',33);
INSERT INTO UnitSpawnContinents VALUES ('UNIT_DINO_PROTOCERATOPS','CONTINENT_NORTH_AMERICA',33);
INSERT INTO UnitSpawnContinents VALUES ('UNIT_DINO_STEGOSAURUS','CONTINENT_NORTH_AMERICA',33);
INSERT INTO UnitSpawnContinents VALUES ('UNIT_DINO_STYRACOSAURUS','CONTINENT_NORTH_AMERICA',33);
INSERT INTO UnitSpawnContinents VALUES ('UNIT_DINO_TREX','CONTINENT_NORTH_AMERICA',33);
INSERT INTO UnitSpawnContinents VALUES ('UNIT_DINO_TRICERATOPS','CONTINENT_NORTH_AMERICA',33);
INSERT INTO UnitSpawnContinents VALUES ('UNIT_DINO_UTAHRAPTOR','CONTINENT_NORTH_AMERICA',33);
INSERT INTO UnitSpawnContinents VALUES ('UNIT_DINO_VELOCIRAPTOR','CONTINENT_NORTH_AMERICA',33);
INSERT INTO UnitSpawnContinents VALUES ('UNIT_DINO_SMILODON','CONTINENT_NORTH_AMERICA',33);
INSERT INTO UnitSpawnContinents VALUES ('UNIT_DINO_MAMMOTH','CONTINENT_NORTH_AMERICA',33);
INSERT INTO UnitSpawnContinents VALUES ('UNIT_DINO_ANKYLOSAURUS','CONTINENT_SOUTH_AMERICA',33);
INSERT INTO UnitSpawnContinents VALUES ('UNIT_DINO_BASILOSAURUS','CONTINENT_SOUTH_AMERICA',33);
INSERT INTO UnitSpawnContinents VALUES ('UNIT_DINO_PROTOCERATOPS','CONTINENT_SOUTH_AMERICA',33);
INSERT INTO UnitSpawnContinents VALUES ('UNIT_DINO_STEGOSAURUS','CONTINENT_SOUTH_AMERICA',33);
INSERT INTO UnitSpawnContinents VALUES ('UNIT_DINO_STYRACOSAURUS','CONTINENT_SOUTH_AMERICA',33);
INSERT INTO UnitSpawnContinents VALUES ('UNIT_DINO_TREX','CONTINENT_SOUTH_AMERICA',33);
INSERT INTO UnitSpawnContinents VALUES ('UNIT_DINO_TRICERATOPS','CONTINENT_SOUTH_AMERICA',33);
INSERT INTO UnitSpawnContinents VALUES ('UNIT_DINO_UTAHRAPTOR','CONTINENT_SOUTH_AMERICA',33);
INSERT INTO UnitSpawnContinents VALUES ('UNIT_DINO_VELOCIRAPTOR','CONTINENT_SOUTH_AMERICA',33);
INSERT INTO UnitSpawnContinents VALUES ('UNIT_DINO_SMILODON','CONTINENT_SOUTH_AMERICA',33);
INSERT INTO UnitSpawnContinents VALUES ('UNIT_DINO_MAMMOTH','CONTINENT_SOUTH_AMERICA',33);
INSERT INTO UnitSpawnContinents VALUES ('UNIT_DINO_ANKYLOSAURUS','CONTINENT_OCEANIA',33);
INSERT INTO UnitSpawnContinents VALUES ('UNIT_DINO_BASILOSAURUS','CONTINENT_OCEANIA',33);
INSERT INTO UnitSpawnContinents VALUES ('UNIT_DINO_PROTOCERATOPS','CONTINENT_OCEANIA',33);
INSERT INTO UnitSpawnContinents VALUES ('UNIT_DINO_STEGOSAURUS','CONTINENT_OCEANIA',33);
INSERT INTO UnitSpawnContinents VALUES ('UNIT_DINO_STYRACOSAURUS','CONTINENT_OCEANIA',33);
INSERT INTO UnitSpawnContinents VALUES ('UNIT_DINO_TREX','CONTINENT_OCEANIA',33);
INSERT INTO UnitSpawnContinents VALUES ('UNIT_DINO_TRICERATOPS','CONTINENT_OCEANIA',33);
INSERT INTO UnitSpawnContinents VALUES ('UNIT_DINO_UTAHRAPTOR','CONTINENT_OCEANIA',33);
INSERT INTO UnitSpawnContinents VALUES ('UNIT_DINO_VELOCIRAPTOR','CONTINENT_OCEANIA',33);
INSERT INTO UnitSpawnContinents VALUES ('UNIT_DINO_SMILODON','CONTINENT_OCEANIA',33);
INSERT INTO UnitSpawnContinents VALUES ('UNIT_DINO_MAMMOTH','CONTINENT_OCEANIA',33);

INSERT INTO UnitSpawnTerrains VALUES ('UNIT_DINO_BASILOSAURUS','TERRAIN_OCEAN');
INSERT INTO UnitSpawnTerrains VALUES ('UNIT_DINO_VELOCIRAPTOR','TERRAIN_PLAINS');
INSERT INTO UnitSpawnTerrains VALUES ('UNIT_DINO_VELOCIRAPTOR','TERRAIN_PLAINS_HILLS');
INSERT INTO UnitSpawnTerrains VALUES ('UNIT_DINO_VELOCIRAPTOR','TERRAIN_DESERT');
INSERT INTO UnitSpawnTerrains VALUES ('UNIT_DINO_VELOCIRAPTOR','TERRAIN_DESERT_HILLS');
INSERT INTO UnitSpawnTerrains VALUES ('UNIT_DINO_MAMMOTH','TERRAIN_SNOW');
INSERT INTO UnitSpawnTerrains VALUES ('UNIT_DINO_MAMMOTH','TERRAIN_TUNDRA');

INSERT INTO UnitSpawnFeatures VALUES ('UNIT_DINO_SMILODON','FEATURE_FOREST');
INSERT INTO UnitSpawnFeatures VALUES ('UNIT_DINO_SMILODON','FEATURE_JUNGLE');
INSERT INTO UnitSpawnFeatures VALUES ('UNIT_DINO_UTAHRAPTOR','FEATURE_FLOODPLAINS');
INSERT INTO UnitSpawnFeatures VALUES ('UNIT_DINO_UTAHRAPTOR','FEATURE_FOREST');
INSERT INTO UnitSpawnFeatures VALUES ('UNIT_DINO_PROTOCERATOPS','FEATURE_JUNGLE');
INSERT INTO UnitSpawnFeatures VALUES ('UNIT_DINO_PROTOCERATOPS','FEATURE_FOREST');
INSERT INTO UnitSpawnFeatures VALUES ('UNIT_DINO_STYRACOSAURUS','FEATURE_JUNGLE');
INSERT INTO UnitSpawnFeatures VALUES ('UNIT_DINO_STYRACOSAURUS','FEATURE_FOREST');
INSERT INTO UnitSpawnFeatures VALUES ('UNIT_DINO_TRICERATOPS','FEATURE_JUNGLE');
INSERT INTO UnitSpawnFeatures VALUES ('UNIT_DINO_TRICERATOPS','FEATURE_FOREST');
INSERT INTO UnitSpawnFeatures VALUES ('UNIT_DINO_TREX','FEATURE_JUNGLE');
INSERT INTO UnitSpawnFeatures VALUES ('UNIT_DINO_TREX','FEATURE_FLOODPLAINS');
INSERT INTO UnitSpawnFeatures VALUES ('UNIT_DINO_TREX','FEATURE_FOREST');
INSERT INTO UnitSpawnFeatures VALUES ('UNIT_DINO_ANKYLOSAURUS','FEATURE_FOREST');
INSERT INTO UnitSpawnFeatures VALUES ('UNIT_DINO_ANKYLOSAURUS','FEATURE_JUNGLE');
INSERT INTO UnitSpawnFeatures VALUES ('UNIT_DINO_STEGOSAURUS','FEATURE_FOREST');
INSERT INTO UnitSpawnFeatures VALUES ('UNIT_DINO_ANKYLOSAURUS','FEATURE_JUNGLE');


INSERT INTO UnitSpawnEras VALUES ('UNIT_DINO_ANKYLOSAURUS', 'ERA_ANCIENT', 'ERA_CLASSICAL');
INSERT INTO UnitSpawnEras VALUES ('UNIT_DINO_BASILOSAURUS', 'ERA_ANCIENT', 'ERA_CLASSICAL');
INSERT INTO UnitSpawnEras VALUES ('UNIT_DINO_PROTOCERATOPS', 'ERA_ANCIENT', 'ERA_CLASSICAL');
INSERT INTO UnitSpawnEras VALUES ('UNIT_DINO_STEGOSAURUS', 'ERA_ANCIENT', 'ERA_CLASSICAL');
INSERT INTO UnitSpawnEras VALUES ('UNIT_DINO_STYRACOSAURUS', 'ERA_ANCIENT', 'ERA_CLASSICAL');
INSERT INTO UnitSpawnEras VALUES ('UNIT_DINO_TREX', 'ERA_ANCIENT', 'ERA_CLASSICAL');
INSERT INTO UnitSpawnEras VALUES ('UNIT_DINO_TRICERATOPS', 'ERA_ANCIENT', 'ERA_CLASSICAL');
INSERT INTO UnitSpawnEras VALUES ('UNIT_DINO_UTAHRAPTOR', 'ERA_ANCIENT', 'ERA_CLASSICAL');
INSERT INTO UnitSpawnEras VALUES ('UNIT_DINO_VELOCIRAPTOR', 'ERA_ANCIENT', 'ERA_CLASSICAL');
INSERT INTO UnitSpawnEras VALUES ('UNIT_DINO_SMILODON', 'ERA_ANCIENT', 'ERA_CLASSICAL');
INSERT INTO UnitSpawnEras VALUES ('UNIT_DINO_MAMMOTH', 'ERA_ANCIENT', 'ERA_CLASSICAL');